system,version,results
 Lambda @ 128MB,,6.536189388999901
Lambda @ 1024MB,,0.7233408910001344
Lambda @ 10240MB,,0.40237845800038485
9750H mac,2.7.0,0.3909989999374375
9750H mac,2.7.1,0.4104339999612421
9750H mac,3.0.0,0.3773950000759214
1.8 GHz Dual-Core Intel Core i5 MacBook Air (13-inch; Mid 2012) on macOS 10.15.6,2.7.2,1.0013480000000072
Linode,2.7.1,0.6737725229468197
